#Sample	LI-ITS-18BFF2	LI-ITS-21BFF2	LI-ITS-31BFF	LI-ITS-52BFFX	LI-ITS-54BFF	LI-ITS-56BFF	LI-ITS-6BFF1	LI-ITS-7BFF2	LI-ITS-DBFF1	LI-ITS-R6BFF3	LI-ITS-R9BFF	taxonomy
ASV_13g_4ue	0	0	0	0	0	0	0	0	0	0	0	Fungi;Basidiomycota;Microbotryomycetes;Sporidiobolales;Sporidiobolaceae;Rhodotorula;
ASV_149_xrf	0	0	0	0	0	0	0	0	0	0	0	Fungi;Ascomycota;;;;;
ASV_173_v2c	0	0	0	0	0	0	0	0	0	0	0	Fungi;Ascomycota;;;;;
ASV_186_v8c	0	0	0	0	0	0	0	0	0	0	0	Fungi;Basidiomycota;Ustilaginomycetes;Ustilaginales;Ustilaginaceae;;
ASV_18a_5mq	0	0	0	0	0	0	0	0	0	0	0	Fungi;Basidiomycota;;;;;
ASV_1b5_7fg	0	0	0	0	0	0	0	100	0	0	0	Fungi;;;;;;
ASV_1e3_0dr	0	0	0	0	0	0	0	0	0	0	0	Fungi;Ascomycota;Lecanoromycetes;Lecanorales;Cladoniaceae;Cladonia;
ASV_1fi_4rz	0	0	0	0	0	0	0	0	0	0	0	Fungi;Basidiomycota;;;;;
ASV_1hr_4dv	0	0	0	0	0	0	0	0	0	0	0	Fungi;Basidiomycota;Malasseziomycetes;Malasseziales;Malasseziaceae;Malassezia;
ASV_1jr_4o3	0	0	0	0	0	0	0	0	0	0	0	Fungi;Ascomycota;Eurotiomycetes;Eurotiales;Aspergillaceae;Aspergillus;
ASV_1ld_648	0	0	0	0	0	0	0	0	0	0	0	Fungi;Ascomycota;Dothideomycetes;Pleosporales;Periconiaceae;Periconia;
ASV_1m8_kej	0	0	0	0	0	0	0	0	0	0	0	Fungi;Basidiomycota;Cystobasidiomycetes;Erythrobasidiales;Erythrobasidiaceae;Bannoa;
ASV_1qt_zjf	0	0	0	0	0	0	0	0	0	0	0	Fungi;Basidiomycota;Exobasidiomycetes;Entylomatales;;;
ASV_1tx_f8l	0	0	0	0	0	0	0	0	0	0	0	Fungi;Ascomycota;Eurotiomycetes;Eurotiales;Aspergillaceae;Penicillium;
ASV_1ud_vxw	0	0	0	0	0	0	0	0	0	0	0	Fungi;Ascomycota;Eurotiomycetes;Eurotiales;Aspergillaceae;Aspergillus;
ASV_1v4_fz7	0	0	0	0	0	0	0	0	0	0	0	Fungi;Basidiomycota;;;;;
ASV_1wv_b34	0	0	0	0	0	0	0	0	0	0	0	Fungi;Basidiomycota;Agaricomycetes;Agaricales;Hymenogastraceae;Hebeloma;
ASV_1x2_ovi	0	0	0	0	0	0	0	0	0	0	0	Fungi;Ascomycota;Saccharomycetes;Saccharomycetales;Phaffomycetaceae;Wickerhamomyces;
ASV_20v_smp	0	0	0	0	0	0	0	0	0	0	0	Fungi;Ascomycota;Sordariomycetes;Glomerellales;Plectosphaerellaceae;;
ASV_210_fg6	0	0	0	0	0	0	0	0	0	0	0	Fungi;Ascomycota;;;;;
ASV_23j_2v0	0	0	0	0	0	0	0	0	0	0	0	Fungi;;;;;;
ASV_27x_ze4	0	0	0	0	0	0	0	0	0	0	0	Fungi;Ascomycota;Saccharomycetes;Saccharomycetales;Phaffomycetaceae;Wickerhamomyces;
ASV_27y_dih	0	0	0	0	0	0	0	0	0	0	0	Fungi;Ascomycota;Saccharomycetes;Saccharomycetales;Saccharomycetales_fam_Incertae_sedis;Candida;
ASV_29b_9v6	0	0	0	0	0	0	0	0	0	0	0	Fungi;Ascomycota;Saccharomycetes;Saccharomycetales;Saccharomycetales_fam_Incertae_sedis;Candida;
ASV_29u_krg	0	0	5325	0	0	0	0	15	0	0	0	Fungi;Basidiomycota;;;;;
ASV_2ab_tzn	0	0	0	0	0	0	0	0	0	0	0	Fungi;Basidiomycota;;;;;
ASV_2ar_ktx	0	0	0	0	0	0	0	0	0	0	0	Fungi;Basidiomycota;;;;;
ASV_2bg_4my	0	0	0	0	0	0	0	0	0	0	0	Fungi;Basidiomycota;Agaricomycetes;Russulales;Russulaceae;Russula;
ASV_2he_f1x	0	0	0	0	0	0	0	0	0	0	0	Fungi;Ascomycota;Sordariomycetes;Xylariales;Xylariales_fam_Incertae_sedis;Phialemoniopsis;
ASV_2i9_2hm	0	0	0	0	0	0	0	0	0	0	105	Fungi;Basidiomycota;Cystobasidiomycetes;Erythrobasidiales;Erythrobasidiaceae;Bannoa;
ASV_2kk_ojy	0	0	0	0	0	0	0	0	0	0	0	Fungi;;;;;;
ASV_2od_xp7	0	0	0	0	0	0	0	0	0	0	0	Fungi;Ascomycota;Saccharomycetes;Saccharomycetales;Phaffomycetaceae;Wickerhamomyces;
ASV_2om_slh	0	0	0	0	0	0	0	0	0	0	0	Fungi;Ascomycota;Saccharomycetes;Saccharomycetales;Saccharomycetaceae;Zygosaccharomyces;
ASV_2ow_i10	0	0	0	0	0	0	0	0	0	0	0	Fungi;Basidiomycota;Cystobasidiomycetes;Erythrobasidiales;Erythrobasidiaceae;Bannoa;
ASV_2pd_lj4	0	0	0	0	0	0	0	0	0	0	0	Fungi;Basidiomycota;;;;;
ASV_2u2_qbo	0	0	0	0	0	0	0	0	0	0	0	Fungi;Basidiomycota;;;;;
ASV_2vn_87n	0	0	0	0	0	0	0	0	0	0	0	Fungi;Basidiomycota;;;;;
ASV_2w8_jn2	0	0	0	0	0	0	0	0	0	0	0	Fungi;Ascomycota;Eurotiomycetes;Eurotiales;Aspergillaceae;Aspergillus;
ASV_2x1_zmy	0	0	0	0	0	0	59	0	0	0	0	Fungi;Ascomycota;Saccharomycetes;Saccharomycetales;Debaryomycetaceae;Meyerozyma;
ASV_304_bo5	0	0	0	0	0	0	0	0	0	0	0	Fungi;Ascomycota;Saccharomycetes;Saccharomycetales;Debaryomycetaceae;Schwanniomyces;
ASV_34b_1se	0	0	0	0	0	0	0	0	0	0	0	Fungi;Basidiomycota;;;;;
ASV_368_jkv	0	0	0	0	0	0	0	0	0	0	0	Fungi;Basidiomycota;Cystobasidiomycetes;Erythrobasidiales;Erythrobasidiaceae;Bannoa;
ASV_36g_cvl	0	0	0	0	0	0	0	0	0	0	0	Fungi;Basidiomycota;;;;;
ASV_39r_5e3	0	0	0	0	0	0	0	0	0	0	284	Fungi;Basidiomycota;Cystobasidiomycetes;Erythrobasidiales;Erythrobasidiaceae;Bannoa;
ASV_3al_3n6	0	0	0	0	0	0	0	0	0	0	0	Fungi;Basidiomycota;;;;;
ASV_3b3_zlm	0	0	0	0	0	0	0	0	0	0	0	Fungi;Basidiomycota;Microbotryomycetes;Sporidiobolales;Sporidiobolaceae;Rhodotorula;
ASV_3gn_syc	0	0	0	0	0	0	0	0	0	226	0	Fungi;Ascomycota;;;;;
ASV_3hb_37i	0	0	0	0	0	0	0	0	0	0	0	Fungi;Basidiomycota;Tremellomycetes;Cystofilobasidiales;Cystofilobasidiaceae;Cystofilobasidium;
ASV_3nf_h5j	0	0	0	212	0	0	0	0	0	0	0	Fungi;;;;;;
ASV_3sg_gyh	0	0	0	0	0	0	0	0	0	0	0	Fungi;Basidiomycota;;;;;
ASV_3wt_brp	0	0	0	0	0	0	0	0	0	0	0	Fungi;Basidiomycota;Tremellomycetes;Filobasidiales;Filobasidiaceae;Naganishia;
ASV_3y9_i8e	0	0	0	0	0	0	0	0	0	0	0	Fungi;Basidiomycota;;;;;
ASV_3yp_j5l	0	0	0	0	0	0	0	0	0	0	0	Fungi;Ascomycota;Saccharomycetes;Saccharomycetales;;;
ASV_40l_8x9	0	0	0	0	0	0	0	0	0	0	0	Fungi;Ascomycota;Eurotiomycetes;Eurotiales;;;
ASV_41g_b3d	0	0	0	0	0	0	0	0	0	0	0	Fungi;Basidiomycota;Tremellomycetes;Tremellales;Tremellaceae;Cryptococcus;
ASV_422_yu6	0	0	0	0	0	0	0	0	0	0	0	Fungi;Basidiomycota;;;;;
ASV_42w_43h	0	0	0	0	0	0	0	0	0	0	0	Fungi;Ascomycota;Dothideomycetes;Capnodiales;Mycosphaerellaceae;Mycosphaerella;
ASV_45n_rgr	0	0	0	0	0	0	0	0	0	0	0	Fungi;Basidiomycota;Malasseziomycetes;Malasseziales;Malasseziaceae;Malassezia;
ASV_45u_rz2	0	0	0	0	0	0	0	0	0	0	0	Fungi;Ascomycota;;;;;
ASV_4b4_pwi	0	0	0	0	0	0	0	0	0	0	0	Fungi;Basidiomycota;Agaricomycetes;Polyporales;Fomitopsidaceae;Pilatoporus;
ASV_4h6_gyt	0	0	0	0	0	0	0	0	0	0	0	Fungi;Ascomycota;Dothideomycetes;Capnodiales;Cladosporiaceae;Cladosporium;
ASV_4ha_y3k	0	0	0	0	0	0	0	0	0	0	0	Fungi;Ascomycota;;;;;
ASV_4p3_9wr	0	0	0	0	0	0	0	0	0	0	0	Fungi;Basidiomycota;Agaricomycetes;Agaricales;;;
ASV_4qb_fwo	0	0	0	0	0	0	0	0	0	0	0	Fungi;Ascomycota;Sordariomycetes;Xylariales;Xylariales_fam_Incertae_sedis;Phialemoniopsis;
ASV_4vx_di5	0	0	0	0	0	0	0	0	0	0	0	Fungi;Basidiomycota;Agaricomycetes;Polyporales;Polyporaceae;Lentinus;
ASV_4yf_6uk	0	0	0	0	0	0	0	0	251	0	0	Fungi;Basidiomycota;Agaricomycetes;Agaricales;Psathyrellaceae;Coprinellus;
ASV_50g_1ys	0	0	0	0	0	0	0	0	0	0	0	Fungi;;;;;;
ASV_52t_fqr	0	0	0	0	0	0	0	0	0	0	0	Fungi;Ascomycota;Saccharomycetes;Saccharomycetales;Saccharomycetaceae;Saccharomyces;
ASV_561_rtd	0	0	0	0	0	0	0	0	0	0	0	Fungi;Ascomycota;Dothideomycetes;Capnodiales;Cladosporiaceae;Cladosporium;
ASV_56b_fe3	0	0	0	0	0	0	0	0	0	0	0	Fungi;;;;;;
ASV_577_hmx	0	0	0	0	0	0	0	0	0	0	0	Fungi;Basidiomycota;Cystobasidiomycetes;Erythrobasidiales;Erythrobasidiaceae;Bannoa;
ASV_57f_pre	0	0	0	0	0	0	0	0	0	0	0	Fungi;Basidiomycota;;;;;
ASV_5ac_sqo	0	0	0	0	0	0	0	0	0	0	0	Fungi;Basidiomycota;;;;;
ASV_5b4_mw0	0	0	0	0	0	0	0	85	0	0	0	Fungi;;;;;;
ASV_5bz_8dg	0	0	0	0	0	0	0	0	0	0	0	Fungi;Ascomycota;;;;;
ASV_5cm_cws	0	0	0	0	0	0	0	0	0	0	0	Fungi;Ascomycota;Dothideomycetes;Capnodiales;Mycosphaerellaceae;Mycosphaerella;
ASV_5ff_7jq	0	0	0	0	0	0	0	0	0	0	0	Fungi;Ascomycota;Sordariomycetes;Hypocreales;Cordycipitaceae;Beauveria;
ASV_5fk_uol	0	0	0	0	0	0	0	0	0	0	0	Fungi;Ascomycota;Eurotiomycetes;Eurotiales;Aspergillaceae;Aspergillus;
ASV_5fv_u2d	0	0	0	0	0	0	0	276	0	0	348	Fungi;Basidiomycota;Cystobasidiomycetes;Erythrobasidiales;Erythrobasidiaceae;Bannoa;
ASV_5ha_e6w	0	0	0	0	0	0	0	0	0	0	0	Fungi;Basidiomycota;;;;;
ASV_5i3_4o2	0	0	0	0	0	0	0	0	0	0	0	Fungi;Ascomycota;;;;;
ASV_5ip_4dh	0	0	0	334	0	0	0	0	0	0	0	Fungi;Ascomycota;;;;;
ASV_5l9_hbp	0	0	0	0	0	0	0	0	0	0	0	Fungi;Ascomycota;Eurotiomycetes;Chaetothyriales;Herpotrichiellaceae;Exophiala;
ASV_5mf_owf	0	0	0	0	0	0	0	0	0	0	0	Fungi;Basidiomycota;;;;;
ASV_5nb_fge	0	0	0	0	0	0	0	0	0	0	0	Fungi;Basidiomycota;Agaricomycetes;Polyporales;Polyporaceae;Trametes;
ASV_5o6_266	0	0	0	0	0	0	0	0	0	0	0	Fungi;Ascomycota;Sordariomycetes;Hypocreales;Ophiocordycipitaceae;Tolypocladium;
ASV_5tf_sd6	0	0	0	0	0	0	0	0	0	0	0	Fungi;Basidiomycota;Wallemiomycetes;Wallemiales;Wallemiaceae;Wallemia;
ASV_5vc_c5f	0	0	0	0	0	0	0	0	0	0	0	Fungi;Basidiomycota;Agaricomycetes;Boletales;Suillaceae;Suillus;
ASV_5vq_qmp	0	0	0	0	0	0	0	0	0	0	0	Fungi;Basidiomycota;Agaricomycetes;Polyporales;Steccherinaceae;Physodontia;
ASV_5w0_427	0	0	0	0	0	0	0	0	0	0	0	Fungi;Ascomycota;Eurotiomycetes;Eurotiales;Aspergillaceae;Aspergillus;
ASV_5x7_dpm	0	0	0	0	0	0	0	0	0	0	0	Fungi;;;;;;
ASV_5z2_8mc	0	0	0	0	0	0	0	0	0	0	0	Fungi;Basidiomycota;Microbotryomycetes;Sporidiobolales;Sporidiobolaceae;Rhodotorula;
ASV_5zt_lf3	0	0	0	0	0	0	0	0	0	0	0	Fungi;Basidiomycota;Tremellomycetes;Filobasidiales;Filobasidiaceae;Naganishia;
ASV_5zt_qlt	0	0	0	0	0	0	0	0	0	0	0	Fungi;Ascomycota;Saccharomycetes;Saccharomycetales;Pichiaceae;Saturnispora;
ASV_60v_oct	0	0	0	0	0	0	0	0	0	0	0	Fungi;Basidiomycota;Malasseziomycetes;Malasseziales;Malasseziaceae;Malassezia;
ASV_618_35u	0	0	6	0	0	0	0	0	0	0	0	Fungi;Ascomycota;Saccharomycetes;Saccharomycetales;Saccharomycetaceae;Kluyveromyces;
ASV_624_vk3	0	0	0	0	0	0	0	0	0	0	0	Fungi;Basidiomycota;;;;;
ASV_62e_qb2	0	0	0	0	0	0	0	0	0	0	0	Fungi;Ascomycota;Lecanoromycetes;Lecanorales;;;
ASV_64d_inw	0	0	0	0	0	0	0	0	0	0	0	Fungi;Basidiomycota;Agaricomycetes;Polyporales;Ganodermataceae;Ganoderma;
ASV_65n_19e	0	0	0	0	0	0	0	0	0	0	0	Fungi;Ascomycota;Saccharomycetes;Saccharomycetales;Phaffomycetaceae;Wickerhamomyces;
ASV_65p_d63	0	0	1814	0	0	0	0	0	0	0	0	Fungi;Ascomycota;Saccharomycetes;Saccharomycetales;Saccharomycetaceae;Kluyveromyces;
ASV_65z_2yg	0	36	0	0	0	0	0	0	0	0	0	Fungi;Basidiomycota;Cystobasidiomycetes;Erythrobasidiales;Erythrobasidiaceae;Bannoa;
ASV_6d0_p0h	0	0	0	0	0	0	0	0	0	0	0	Fungi;Ascomycota;Saccharomycetes;Saccharomycetales;Saccharomycetaceae;Kazachstania;
ASV_6d9_f1j	0	0	0	0	0	0	0	0	0	0	0	Fungi;Basidiomycota;;;;;
ASV_6di_way	0	0	0	0	0	0	0	0	0	0	0	Fungi;Ascomycota;Dothideomycetes;Capnodiales;Dissoconiaceae;Dissoconium;
ASV_6em_x97	0	0	0	0	0	0	0	0	0	0	0	Fungi;Basidiomycota;Exobasidiomycetes;Microstromatales;Microstromatales_fam_Incertae_sedis;Pseudomicrostroma;
ASV_6gc_aok	0	0	0	0	0	0	0	0	0	0	0	Fungi;Ascomycota;Sordariomycetes;Hypocreales;Ophiocordycipitaceae;Tolypocladium;
ASV_6gc_nb1	0	0	0	0	0	0	0	0	0	0	0	Fungi;Basidiomycota;Tremellomycetes;Cystofilobasidiales;Mrakiaceae;Itersonilia;
ASV_6l2_ovj	0	0	0	0	0	0	0	0	0	0	0	Fungi;Basidiomycota;;;;;
ASV_6mv_rts	0	0	0	0	0	0	0	0	0	0	0	Fungi;Ascomycota;Dothideomycetes;Capnodiales;Mycosphaerellaceae;Ramularia;
ASV_6qt_smn	0	0	0	0	0	0	0	0	0	0	0	Fungi;Ascomycota;Lecanoromycetes;Lecanorales;Cladoniaceae;Cladonia;
ASV_6yu_4un	0	0	0	0	0	0	0	0	0	0	0	Fungi;;;;;;
ASV_71z_uhk	0	0	0	0	0	0	0	0	0	0	0	Fungi;Ascomycota;Saccharomycetes;Saccharomycetales;;;
ASV_72c_c8k	0	0	0	0	0	0	0	0	0	0	3	Fungi;;;;;;
ASV_74l_bv0	0	0	0	0	0	0	0	0	0	0	0	Fungi;Ascomycota;Saccharomycetes;Saccharomycetales;Saccharomycetaceae;Kazachstania;
ASV_75s_djy	0	0	0	0	0	0	0	0	0	0	0	Fungi;Basidiomycota;Wallemiomycetes;Wallemiales;Wallemiaceae;Wallemia;
ASV_75u_b1v	0	0	0	0	0	0	0	0	0	0	0	Fungi;Basidiomycota;Malasseziomycetes;Malasseziales;Malasseziaceae;Malassezia;
ASV_78b_i5p	0	0	0	0	0	0	0	109	0	0	0	Fungi;Ascomycota;Saccharomycetes;Saccharomycetales;Saccharomycetales_fam_Incertae_sedis;Candida;
ASV_78l_985	0	0	0	0	0	0	0	0	0	0	0	Fungi;Basidiomycota;Exobasidiomycetes;Tilletiales;Tilletiaceae;Tilletia;
ASV_7hx_pcn	0	0	0	0	0	0	0	0	0	0	0	Fungi;Basidiomycota;Agaricomycetes;Agaricales;Hymenogastraceae;Hebeloma;
ASV_7l6_uf6	0	0	0	0	0	0	0	0	0	0	0	Fungi;Basidiomycota;;;;;
ASV_7lz_4us	0	0	0	0	0	0	0	0	0	0	0	Fungi;Basidiomycota;Cystobasidiomycetes;Erythrobasidiales;Erythrobasidiaceae;Bannoa;
ASV_7mj_jy5	0	0	0	0	0	0	0	0	0	0	0	Fungi;;;;;;
ASV_7q7_zv5	0	0	0	0	0	0	0	0	0	0	0	Fungi;Basidiomycota;Malasseziomycetes;Malasseziales;Malasseziaceae;Malassezia;
ASV_7wv_na6	0	0	0	0	0	0	0	0	0	0	0	Fungi;Basidiomycota;Microbotryomycetes;Sporidiobolales;Sporidiobolaceae;Sporobolomyces;
ASV_7xc_u55	0	0	2863	0	0	0	0	0	0	0	0	Fungi;Basidiomycota;;;;;
ASV_80z_bct	0	0	0	0	0	0	0	0	0	0	0	Fungi;Ascomycota;Lecanoromycetes;;;;
ASV_815_lvt	0	0	0	0	0	0	0	0	0	0	0	Fungi;Basidiomycota;;;;;
ASV_81b_kne	0	0	0	0	0	0	0	0	0	0	0	Fungi;Basidiomycota;Agaricomycetes;Agaricales;Hymenogastraceae;Hebeloma;
ASV_82u_c3s	0	0	0	0	0	0	0	0	0	0	0	Fungi;Ascomycota;;;;;
ASV_841_6q0	0	0	0	78	0	0	0	0	0	0	0	Fungi;Basidiomycota;Malasseziomycetes;Malasseziales;Malasseziaceae;Malassezia;
ASV_8gi_wqr	0	0	0	0	0	0	0	0	0	0	0	Fungi;;;;;;
ASV_8gq_7eg	0	0	0	0	0	0	0	0	0	0	0	Fungi;Ascomycota;Sordariomycetes;Hypocreales;Cordycipitaceae;Beauveria;
ASV_8gr_cxa	0	0	0	0	0	0	0	0	0	0	0	Fungi;Basidiomycota;Agaricomycetes;Boletales;Boletaceae;Boletus;
ASV_8hd_r9t	0	0	54	0	0	0	0	0	0	0	0	Fungi;Basidiomycota;Malasseziomycetes;Malasseziales;Malasseziaceae;Malassezia;
ASV_8he_e95	0	0	0	0	0	0	0	0	0	0	0	Fungi;Basidiomycota;Tremellomycetes;Filobasidiales;Filobasidiaceae;Filobasidium;
ASV_8jb_qvx	0	0	0	0	0	0	0	0	0	0	0	Fungi;Basidiomycota;Moniliellomycetes;Moniliellales;Moniliellaceae;Moniliella;
ASV_8jw_97c	0	0	0	0	0	0	0	0	0	0	0	Fungi;Ascomycota;;;;;
ASV_8l3_fp7	0	0	0	0	0	0	0	0	0	0	0	Fungi;Ascomycota;Saccharomycetes;Saccharomycetales;Saccharomycetaceae;Zygosaccharomyces;
ASV_8l5_aq6	0	0	0	0	0	0	0	0	0	0	0	Fungi;Basidiomycota;Ustilaginomycetes;Ustilaginales;Ustilaginaceae;Ustilago;
ASV_8n9_dd5	0	203	0	0	0	0	0	2344	3343	0	6062	Fungi;Basidiomycota;Cystobasidiomycetes;Erythrobasidiales;Erythrobasidiaceae;Bannoa;
ASV_8ne_i71	0	0	0	0	0	0	0	0	0	0	0	Fungi;Ascomycota;Dothideomycetes;Pleosporales;Phaeosphaeriaceae;Didymocyrtis;
ASV_8q5_98d	0	417	0	6018	0	0	0	0	0	4454	423	Fungi;Ascomycota;;;;;
ASV_8r9_t8n	0	0	0	0	0	0	0	0	0	0	0	Fungi;Ascomycota;Saccharomycetes;Saccharomycetales;Saccharomycodaceae;Hanseniaspora;
ASV_8ry_cnr	0	0	0	0	0	0	0	0	0	0	0	Fungi;Ascomycota;Saccharomycetes;Saccharomycetales;Saccharomycetales_fam_Incertae_sedis;Candida;
ASV_8vf_0ib	0	0	0	0	0	0	0	0	0	0	0	Fungi;Basidiomycota;;;;;
ASV_8yv_09c	0	0	0	0	0	0	0	0	0	0	0	Fungi;Basidiomycota;;;;;
ASV_95o_1cm	0	0	0	0	0	0	0	0	0	0	0	Fungi;;;;;;
ASV_95x_whx	0	0	0	0	0	0	0	0	0	0	0	Fungi;Ascomycota;Taphrinomycetes;Taphrinales;Taphrinaceae;Taphrina;
ASV_988_cgx	0	0	0	0	0	0	0	0	0	0	0	Fungi;Ascomycota;Saccharomycetes;Saccharomycetales;Saccharomycetaceae;Kluyveromyces;
ASV_99t_kg1	0	0	0	0	0	0	0	0	0	0	0	Fungi;;;;;;
ASV_9c9_7z8	0	0	0	105	0	0	0	0	0	0	0	Fungi;Basidiomycota;Malasseziomycetes;Malasseziales;Malasseziaceae;Malassezia;
ASV_9ee_le9	0	0	0	0	0	0	0	0	0	0	0	Fungi;Ascomycota;Lecanoromycetes;;;;
ASV_9i7_std	0	0	0	0	0	0	0	0	0	0	287	Fungi;Basidiomycota;Cystobasidiomycetes;Erythrobasidiales;Erythrobasidiaceae;Bannoa;
ASV_9j5_7bt	0	0	0	0	0	0	0	0	0	0	0	Fungi;Basidiomycota;Tremellomycetes;Filobasidiales;Filobasidiaceae;Naganishia;
ASV_9k9_9le	0	0	0	0	0	0	0	0	0	0	0	Fungi;Basidiomycota;;;;;
ASV_9ki_k3f	0	0	0	0	0	0	0	0	0	0	0	Fungi;Ascomycota;;;;;
ASV_9no_wqt	0	0	0	0	0	0	0	0	0	0	0	Fungi;;;;;;
ASV_9pm_a5g	0	0	0	0	0	0	0	0	0	0	0	Fungi;;;;;;
ASV_9qj_r5e	0	0	0	0	0	0	0	0	0	0	0	Fungi;Basidiomycota;Cystobasidiomycetes;Erythrobasidiales;Erythrobasidiaceae;Bannoa;
ASV_9rj_hnv	0	0	0	0	0	0	0	0	0	0	0	Fungi;Ascomycota;Dothideomycetes;Dothideales;Aureobasidiaceae;;
ASV_9t3_ds8	0	0	0	0	0	0	0	0	0	0	0	Fungi;Ascomycota;Lecanoromycetes;Lecanorales;Cladoniaceae;Cladonia;
ASV_9v9_mf4	0	0	0	0	0	292	0	0	0	0	0	Fungi;;;;;;
ASV_9x9_mfc	0	0	0	0	0	0	0	0	0	0	0	Fungi;;;;;;
ASV_a1w_e09	0	0	0	0	0	0	0	0	0	0	0	Fungi;Basidiomycota;Exobasidiomycetes;Tilletiales;Tilletiaceae;Tilletia;
ASV_a4m_3h5	0	0	0	0	0	0	0	0	0	0	0	Fungi;Basidiomycota;Wallemiomycetes;Wallemiales;Wallemiaceae;Wallemia;
ASV_a6u_occ	0	0	0	0	0	0	0	0	0	0	0	Fungi;Ascomycota;;;;;
ASV_a8q_rtj	0	0	0	0	0	0	0	0	0	0	0	Fungi;Ascomycota;;;;;
ASV_ac4_dmd	0	0	0	0	0	0	0	0	0	0	0	Fungi;Basidiomycota;Agaricomycetes;;;;
ASV_acp_ue1	0	0	0	0	0	0	0	0	0	0	0	Fungi;Ascomycota;Eurotiomycetes;Eurotiales;Aspergillaceae;Penicillium;
ASV_air_zx3	0	0	0	0	0	0	0	0	0	0	0	Fungi;Basidiomycota;Ustilaginomycetes;Ustilaginales;Ustilaginaceae;Anthracocystis;
ASV_ajr_476	0	0	0	0	0	0	0	588	0	0	0	Fungi;Ascomycota;Saccharomycetes;Saccharomycetales;Saccharomycetales_fam_Incertae_sedis;Candida;
ASV_ao0_gw3	0	0	0	0	0	0	0	0	0	0	0	Fungi;Ascomycota;Dothideomycetes;Pleosporales;Pleosporaceae;Alternaria;
ASV_ao1_vip	0	0	0	0	0	0	0	0	0	0	0	Fungi;;;;;;
ASV_apw_fii	0	0	0	0	0	0	0	0	0	0	0	Fungi;Ascomycota;Lecanoromycetes;Lecanorales;;;
ASV_ay2_0h1	0	0	0	0	0	0	0	0	0	0	0	Fungi;Ascomycota;Saccharomycetes;Saccharomycetales;Saccharomycodaceae;Hanseniaspora;
ASV_ay7_rc3	0	0	0	0	0	0	0	0	0	0	0	Fungi;Basidiomycota;Agaricomycetes;Russulales;Russulaceae;Russula;
ASV_ayj_8k9	0	0	0	0	0	0	0	0	0	0	0	Fungi;Basidiomycota;Cystobasidiomycetes;Erythrobasidiales;Erythrobasidiaceae;Bannoa;
ASV_b0d_dj7	0	0	0	0	0	0	0	0	0	0	0	Fungi;Basidiomycota;Tremellomycetes;Cystofilobasidiales;Cystofilobasidiaceae;Cystofilobasidium;
ASV_b5v_m6q	0	0	0	0	0	0	0	0	0	0	0	Fungi;Basidiomycota;Cystobasidiomycetes;Erythrobasidiales;Erythrobasidiaceae;Bannoa;
ASV_bdi_9hu	0	0	0	0	0	0	0	0	0	0	86	Fungi;Basidiomycota;Cystobasidiomycetes;Erythrobasidiales;Erythrobasidiaceae;Bannoa;
ASV_bhc_8a7	0	0	0	0	0	0	0	0	0	0	0	Fungi;Basidiomycota;;;;;
ASV_bip_8s1	0	0	0	0	0	0	0	0	0	0	0	Fungi;Ascomycota;Eurotiomycetes;Chaetothyriales;Herpotrichiellaceae;Phialophora;
ASV_biu_lrm	0	0	0	0	0	0	0	0	0	0	0	Fungi;Ascomycota;;;;;
ASV_bk2_1t8	0	0	0	0	0	0	0	0	0	0	0	Fungi;Basidiomycota;;;;;
ASV_bn4_0d0	0	0	0	0	0	0	0	0	0	0	0	Fungi;Basidiomycota;;;;;
ASV_btd_dbq	0	0	0	0	0	0	0	0	0	0	0	Fungi;Ascomycota;Leotiomycetes;Helotiales;Sclerotiniaceae;Botryotinia;
ASV_bu3_wy3	0	0	0	0	0	0	0	0	0	0	0	Fungi;Ascomycota;Saccharomycetes;Saccharomycetales;Saccharomycetales_fam_Incertae_sedis;Candida;
ASV_bvw_t24	0	0	0	0	0	0	0	0	0	0	0	Fungi;Ascomycota;Saccharomycetes;Saccharomycetales;Debaryomycetaceae;Debaryomyces;
ASV_bzb_9b5	0	0	0	0	0	0	0	0	0	0	0	Fungi;Basidiomycota;Cystobasidiomycetes;Erythrobasidiales;Erythrobasidiaceae;Bannoa;
ASV_c53_fdo	0	0	0	0	0	0	0	0	0	0	0	Fungi;Basidiomycota;Agaricomycetes;Hymenochaetales;Schizoporaceae;Xylodon;
ASV_c9q_6wf	0	0	0	0	0	0	0	0	0	0	0	Fungi;Basidiomycota;Cystobasidiomycetes;Erythrobasidiales;Erythrobasidiaceae;Bannoa;
ASV_caq_xy2	0	0	0	0	0	0	0	0	0	0	0	Fungi;Ascomycota;;;;;
ASV_cck_2sx	110	0	0	0	0	0	0	0	0	0	0	Fungi;Basidiomycota;Microbotryomycetes;Sporidiobolales;Sporidiobolaceae;Rhodotorula;
ASV_chu_znd	0	0	0	122	0	0	0	0	0	0	0	Fungi;Ascomycota;Eurotiomycetes;Eurotiales;Aspergillaceae;Penicillium;
ASV_ck7_ehw	0	0	0	0	0	0	0	0	0	0	0	Fungi;;;;;;
ASV_cnh_3ma	0	0	0	0	0	0	0	0	0	0	0	Fungi;Basidiomycota;;;;;
ASV_crm_fri	0	0	0	0	0	0	0	0	0	0	0	Fungi;Ascomycota;Sordariomycetes;Hypocreales;Cordycipitaceae;Beauveria;
ASV_csc_dv4	0	0	0	0	0	0	0	0	0	0	0	Fungi;Basidiomycota;Tremellomycetes;Cystofilobasidiales;Mrakiaceae;Tausonia;
ASV_cua_iaq	0	0	0	0	0	0	0	0	0	0	0	Fungi;Ascomycota;Saccharomycetes;Saccharomycetales;Saccharomycetales_fam_Incertae_sedis;Candida;
ASV_cwf_7kz	0	0	0	0	0	0	0	0	0	0	0	Fungi;Ascomycota;Sordariomycetes;Glomerellales;Plectosphaerellaceae;Plectosphaerella;
ASV_cz5_3jp	0	0	0	0	0	0	294	0	0	0	0	Fungi;;;;;;
ASV_czd_zyd	0	0	0	0	0	0	0	0	0	0	0	Fungi;Ascomycota;Saccharomycetes;Saccharomycetales;Saccharomycodaceae;Hanseniaspora;
ASV_d4e_mhs	0	0	0	0	0	0	0	0	0	0	0	Fungi;Basidiomycota;Tremellomycetes;Cystofilobasidiales;Cystofilobasidiaceae;Cystofilobasidium;
ASV_d5f_tdt	0	0	0	0	0	0	0	0	0	0	0	Fungi;Ascomycota;Eurotiomycetes;Eurotiales;Aspergillaceae;Penicillium;
ASV_d6k_lam	0	0	0	0	0	0	0	0	0	0	0	Fungi;Ascomycota;Dothideomycetes;Dothideales;Aureobasidiaceae;Kabatiella;
ASV_d6p_y8b	0	0	0	0	0	0	0	0	0	0	0	Fungi;Basidiomycota;;;;;
ASV_dbw_8lg	0	0	0	0	0	0	0	0	0	0	0	Fungi;Basidiomycota;;;;;
ASV_ddd_e38	0	0	0	0	0	0	0	0	0	0	0	Fungi;Ascomycota;;;;;
ASV_dgm_9by	0	0	0	0	0	0	0	0	0	0	0	Fungi;Basidiomycota;Malasseziomycetes;Malasseziales;;;
ASV_dlx_25o	0	0	0	0	0	0	0	0	0	0	0	Fungi;Basidiomycota;Agaricomycetes;Agaricales;Agaricaceae;Agaricus;
ASV_dmk_1xj	0	0	0	0	0	0	0	0	0	0	0	Fungi;Basidiomycota;;;;;
ASV_dtp_wqf	0	0	0	0	0	0	0	0	0	0	0	Fungi;Basidiomycota;;;;;
ASV_dul_ae9	0	0	0	0	0	0	0	0	0	0	0	Fungi;Ascomycota;;;;;
ASV_dvm_4dc	0	0	0	0	0	0	0	100	0	0	0	Fungi;Basidiomycota;Cystobasidiomycetes;Erythrobasidiales;Erythrobasidiaceae;Bannoa;
ASV_dvm_7fe	0	0	0	0	0	0	0	0	0	0	7	Fungi;Ascomycota;Sordariomycetes;Xylariales;Xylariales_fam_Incertae_sedis;Phialemoniopsis;
ASV_dxw_g1y	0	0	0	0	0	0	0	0	0	0	0	Fungi;Basidiomycota;Microbotryomycetes;Sporidiobolales;Sporidiobolaceae;Rhodotorula;
ASV_e0h_p4a	0	0	0	0	0	0	0	0	0	0	0	Fungi;;;;;;
ASV_e1k_m33	0	0	0	0	0	0	0	0	0	0	0	Fungi;Basidiomycota;;;;;
ASV_e1v_i1b	0	0	0	0	0	0	0	0	0	0	0	Fungi;Basidiomycota;Agaricomycetes;Agaricales;Tricholomataceae;Mycena;
ASV_e2c_2h7	0	0	0	0	0	0	0	0	0	0	0	Fungi;;;;;;
ASV_e3h_4f9	0	0	0	0	0	0	338	575	0	0	0	Fungi;Ascomycota;Dothideomycetes;Capnodiales;Cladosporiaceae;Cladosporium;
ASV_e6f_8jc	0	0	0	0	0	0	0	0	0	0	0	Fungi;Ascomycota;Saccharomycetes;Saccharomycetales;Saccharomycetales_fam_Incertae_sedis;Candida;
ASV_e6l_0xt	0	0	814	0	0	0	0	0	0	0	0	Fungi;;;;;;
ASV_e9k_ouk	0	0	0	0	0	0	0	0	0	0	0	Fungi;Ascomycota;Saccharomycetes;Saccharomycetales;Saccharomycetales_fam_Incertae_sedis;Candida;
ASV_ecc_9jk	0	0	0	0	0	0	0	0	0	0	0	Fungi;Ascomycota;Lecanoromycetes;Lecanorales;;;
ASV_ecx_xox	0	17	2497	0	0	0	0	0	0	0	0	Fungi;Basidiomycota;;;;;
ASV_efm_5c0	0	0	0	0	0	0	0	0	0	0	0	Fungi;Ascomycota;Eurotiomycetes;Eurotiales;Aspergillaceae;Aspergillus;
ASV_ekc_10y	0	0	0	0	0	0	0	0	0	0	0	Fungi;Basidiomycota;;;;;
ASV_en4_utq	0	0	0	0	0	0	0	0	0	0	0	Fungi;Ascomycota;Dothideomycetes;Capnodiales;Cladosporiaceae;Cladosporium;
ASV_eno_w06	0	0	0	0	0	0	0	0	0	0	0	Fungi;Ascomycota;Sordariomycetes;Xylariales;;;
ASV_epw_bj2	0	0	0	0	0	0	0	2	0	0	0	Fungi;;;;;;
ASV_eyk_t1f	0	0	99	0	0	0	0	0	0	0	0	Fungi;;;;;;
ASV_f0p_mru	0	0	0	0	0	0	0	0	0	0	0	Fungi;Ascomycota;Eurotiomycetes;Eurotiales;Aspergillaceae;Aspergillus;
ASV_f3a_42z	0	0	0	0	0	0	0	0	0	0	0	Fungi;Ascomycota;Dothideomycetes;Pleosporales;Pleosporaceae;Alternaria;
ASV_f4t_p5l	0	0	0	0	0	0	0	0	0	0	0	Fungi;Basidiomycota;Cystobasidiomycetes;Erythrobasidiales;Erythrobasidiaceae;Bannoa;
ASV_f5p_zkj	0	0	0	0	0	0	0	0	0	0	0	Fungi;Basidiomycota;Cystobasidiomycetes;Erythrobasidiales;Erythrobasidiaceae;Bannoa;
ASV_fda_e4m	0	0	0	0	0	0	0	0	0	0	0	Fungi;Basidiomycota;Tremellomycetes;Tremellales;Bulleribasidiaceae;Vishniacozyma;
ASV_fdn_9mo	0	0	0	0	0	0	0	0	0	0	0	Fungi;Basidiomycota;Tremellomycetes;Tremellales;Bulleribasidiaceae;Vishniacozyma;
ASV_feu_j4z	0	0	0	0	0	0	0	0	0	0	0	Fungi;Ascomycota;Saccharomycetes;Saccharomycetales;Saccharomycetales_fam_Incertae_sedis;Candida;
ASV_fgp_8ep	0	0	0	0	0	0	0	0	0	0	0	Fungi;Ascomycota;Saccharomycetes;Saccharomycetales;Saccharomycetaceae;Saccharomyces;
ASV_fmq_i51	0	0	0	0	0	0	0	0	0	0	0	Fungi;Basidiomycota;Cystobasidiomycetes;Erythrobasidiales;Erythrobasidiaceae;Bannoa;
ASV_fnz_41v	0	0	0	0	0	0	0	0	2802	0	0	Fungi;Basidiomycota;;;;;
ASV_fnz_ly9	0	0	0	0	0	0	0	0	0	0	0	Fungi;Ascomycota;;;;;
ASV_fo6_n0b	0	0	0	0	0	0	0	0	0	0	0	Fungi;Basidiomycota;Agaricomycetes;Boletales;Boletaceae;Boletus;
ASV_fsj_xjt	0	0	0	0	0	0	0	0	0	0	0	Fungi;Basidiomycota;Tremellomycetes;Filobasidiales;Filobasidiaceae;Naganishia;
ASV_fzy_278	0	0	0	0	0	0	0	0	0	0	0	Fungi;Basidiomycota;Agaricomycetes;Auriculariales;Auriculariaceae;Auricularia;
ASV_g0m_6ki	0	0	0	0	0	0	0	0	0	0	0	Fungi;Basidiomycota;;;;;
ASV_g1d_h80	0	0	0	0	0	0	0	0	0	0	0	Fungi;Ascomycota;Eurotiomycetes;Eurotiales;Aspergillaceae;Penicillium;
ASV_g4k_yep	0	0	0	763	0	0	0	0	0	0	0	Fungi;Basidiomycota;Malasseziomycetes;Malasseziales;;;
ASV_g8a_7my	0	0	0	0	0	0	0	0	0	0	0	Fungi;Ascomycota;Lecanoromycetes;Lecanorales;Cladoniaceae;Cladonia;
ASV_g8c_11u	0	0	0	0	0	0	0	0	0	0	0	Fungi;Ascomycota;Sordariomycetes;Hypocreales;Cordycipitaceae;Beauveria;
ASV_gfa_m7h	0	0	0	0	0	0	0	0	0	0	0	Fungi;Ascomycota;Dothideomycetes;Pleosporales;Didymellaceae;Didymella;
ASV_gl9_vx5	0	0	0	0	0	0	0	0	0	0	0	Fungi;Basidiomycota;;;;;
ASV_gn2_d7d	0	0	0	0	0	0	0	0	0	0	0	Fungi;Basidiomycota;Agaricomycetes;Russulales;Russulaceae;Russula;
ASV_gqe_nsc	0	0	0	0	0	0	0	0	0	0	0	Fungi;Ascomycota;Sordariomycetes;Hypocreales;Hypocreales_fam_Incertae_sedis;Acremonium;
ASV_gra_tzw	0	0	0	0	0	0	0	0	0	0	0	Fungi;Ascomycota;Sordariomycetes;Hypocreales;Bionectriaceae;Gliomastix;
ASV_gw8_i2i	0	0	0	0	0	0	0	0	0	0	0	Fungi;Ascomycota;Dothideomycetes;Capnodiales;Cladosporiaceae;Cladosporium;
ASV_gzb_qqd	0	0	0	0	0	0	0	0	0	0	0	Fungi;;;;;;
ASV_h50_26k	0	0	0	22	0	0	0	0	0	0	0	Fungi;Ascomycota;;;;;
ASV_h8w_m8k	0	0	0	0	0	0	98	0	0	0	0	Fungi;;;;;;
ASV_hdm_o02	0	0	0	0	0	0	0	0	0	0	0	Fungi;Ascomycota;Sordariomycetes;Hypocreales;Cordycipitaceae;Beauveria;
ASV_het_rzm	0	0	0	0	0	0	0	0	0	0	0	Fungi;;;;;;
ASV_hf5_oey	0	0	0	0	0	0	0	0	0	0	0	Fungi;Basidiomycota;Tremellomycetes;Cystofilobasidiales;Cystofilobasidiaceae;Cystofilobasidium;
ASV_hfn_yoy	0	0	0	0	0	0	0	0	0	0	0	Fungi;Ascomycota;;;;;
ASV_hh8_5uq	0	0	0	0	0	0	0	0	0	0	0	Fungi;Basidiomycota;Wallemiomycetes;Wallemiales;Wallemiaceae;Wallemia;
ASV_hie_pzb	0	0	0	0	0	0	0	0	0	0	0	Fungi;Basidiomycota;;;;;
ASV_hj5_2id	0	0	0	0	0	0	0	0	0	0	0	Fungi;Ascomycota;Lecanoromycetes;Lecanorales;;;
ASV_hnt_2vt	0	0	0	0	0	0	0	0	0	0	0	Fungi;Basidiomycota;;;;;
ASV_hnz_xq3	0	0	0	0	0	0	0	0	0	0	0	Fungi;Ascomycota;Eurotiomycetes;Eurotiales;Aspergillaceae;Aspergillus;
ASV_hot_egm	0	0	723	0	0	0	0	0	0	0	0	Fungi;;;;;;
ASV_hq6_v7i	0	0	3	0	0	0	0	0	0	0	0	Fungi;Ascomycota;Lecanoromycetes;Lecanorales;Cladoniaceae;Cladonia;
ASV_hqn_o7e	0	0	0	0	0	0	0	0	0	0	0	Fungi;Basidiomycota;Agaricomycetes;Agaricales;Pleurotaceae;Pleurotus;
ASV_hu6_he6	131	0	0	0	0	0	0	0	0	0	0	Fungi;Ascomycota;Dothideomycetes;Pleosporales;Didymellaceae;;
ASV_hx2_1g9	0	0	0	0	0	0	0	0	0	0	0	Fungi;Ascomycota;Eurotiomycetes;Eurotiales;Aspergillaceae;Aspergillus;
ASV_hzr_s45	0	0	0	0	0	0	0	0	0	0	0	Fungi;Ascomycota;Saccharomycetes;Saccharomycetales;Saccharomycetaceae;Kazachstania;
ASV_i2y_kat	0	0	0	0	0	0	0	0	0	0	0	Fungi;Ascomycota;;;;;
ASV_i3l_sbi	0	0	0	0	0	0	0	0	0	0	0	Fungi;Ascomycota;Eurotiomycetes;Eurotiales;Aspergillaceae;Penicillium;
ASV_i6m_1iy	0	0	0	0	0	0	0	0	0	0	0	Fungi;Ascomycota;Saccharomycetes;Saccharomycetales;Phaffomycetaceae;Wickerhamomyces;
ASV_i8f_5et	0	0	0	0	0	0	0	0	0	0	0	Fungi;Ascomycota;Leotiomycetes;;;;
ASV_ibf_yaf	0	0	0	0	0	0	0	0	0	0	0	Fungi;Ascomycota;Saccharomycetes;Saccharomycetales;;;
ASV_iil_nny	0	0	0	0	0	0	0	0	0	0	0	Fungi;Ascomycota;Eurotiomycetes;Chaetothyriales;Herpotrichiellaceae;;
ASV_in5_o1x	0	0	0	0	0	0	0	0	0	0	0	Fungi;Basidiomycota;Tremellomycetes;Tremellales;Bulleribasidiaceae;Vishniacozyma;
ASV_irv_4ct	0	0	0	0	0	0	0	0	0	0	0	Fungi;Basidiomycota;;;;;
ASV_iv7_8m2	0	0	0	0	0	0	0	0	0	0	0	Fungi;Ascomycota;Saccharomycetes;Saccharomycetales;Saccharomycodaceae;Hanseniaspora;
ASV_j0q_0ar	0	0	0	0	0	0	0	0	0	0	0	Fungi;;;;;;
ASV_j3z_17y	0	0	0	0	0	0	0	0	0	0	0	Fungi;Ascomycota;Saccharomycetes;Saccharomycetales;Debaryomycetaceae;Debaryomyces;
ASV_j59_7if	0	0	0	0	0	0	0	0	0	0	0	Fungi;;;;;;
ASV_j8k_ndw	0	0	0	107	0	0	0	0	0	109	0	Fungi;Ascomycota;;;;;
ASV_j9i_4um	0	0	0	0	0	0	0	0	0	0	0	Fungi;Basidiomycota;Cystobasidiomycetes;Erythrobasidiales;Erythrobasidiaceae;Bannoa;
ASV_jb3_8ep	0	0	0	0	0	0	0	0	0	0	0	Fungi;Ascomycota;Dothideomycetes;Pleosporales;Pleosporaceae;Stemphylium;
ASV_jcq_nru	0	0	0	0	0	0	0	0	0	0	0	Fungi;Ascomycota;Dothideomycetes;Dothideales;Aureobasidiaceae;Aureobasidium;
ASV_jfa_1n4	0	0	0	0	0	0	0	0	0	0	0	Fungi;Basidiomycota;Agaricomycetes;Polyporales;;;
ASV_jhx_g92	0	108	0	0	0	0	0	0	0	0	0	Fungi;Basidiomycota;;;;;
ASV_jko_zcm	0	0	0	0	0	0	0	0	0	0	0	Fungi;Basidiomycota;;;;;
ASV_jms_xua	0	0	0	0	0	0	0	0	0	0	0	Fungi;Basidiomycota;;;;;
ASV_jor_2no	0	0	0	0	0	0	0	0	0	0	459	Fungi;Basidiomycota;Cystobasidiomycetes;Erythrobasidiales;Erythrobasidiaceae;Bannoa;
ASV_jq6_ylp	0	0	0	0	0	0	0	0	0	0	0	Fungi;Ascomycota;Saccharomycetes;Saccharomycetales;Saccharomycetaceae;Lachancea;
ASV_jue_bc5	0	0	0	0	0	0	0	0	0	0	0	Fungi;;;;;;
ASV_jul_olp	0	0	0	0	0	0	0	0	0	0	0	Fungi;Ascomycota;Lecanoromycetes;Lecanorales;Cladoniaceae;Cladonia;
ASV_jxt_g58	0	0	0	0	0	0	0	0	0	0	0	Fungi;;;;;;
ASV_k1y_i59	0	0	0	0	0	0	0	0	0	0	0	Fungi;Basidiomycota;Malasseziomycetes;Malasseziales;Malasseziaceae;Malassezia;
ASV_k28_ebj	0	0	0	0	0	0	0	0	0	0	0	Fungi;Mucoromycota;Mucoromycetes;Mucorales;Rhizopodaceae;Rhizopus;
ASV_k49_hwy	0	27	0	0	0	0	0	0	0	0	0	Fungi;Basidiomycota;Cystobasidiomycetes;Erythrobasidiales;Erythrobasidiaceae;Bannoa;
ASV_k5o_gir	0	0	0	0	0	0	0	0	0	0	0	Fungi;Basidiomycota;;;;;
ASV_k71_p1u	0	0	0	0	0	0	0	0	0	0	0	Fungi;;;;;;
ASV_ke9_t5s	0	0	0	0	0	0	0	0	0	0	0	Fungi;Ascomycota;Dothideomycetes;Botryosphaeriales;Botryosphaeriaceae;Lasiodiplodia;
ASV_kg7_4qs	0	0	0	129	0	0	0	0	0	0	0	Fungi;Ascomycota;;;;;
ASV_kgb_755	0	0	0	0	0	0	0	0	0	0	0	Fungi;Ascomycota;Saccharomycetes;Saccharomycetales;Saccharomycetales_fam_Incertae_sedis;Candida;
ASV_kld_azz	0	0	0	0	0	0	0	0	0	0	0	Fungi;Basidiomycota;;;;;
ASV_kly_vnv	0	0	0	0	0	0	0	0	0	0	396	Fungi;Basidiomycota;Cystobasidiomycetes;Erythrobasidiales;Erythrobasidiaceae;Bannoa;
ASV_kmr_1p3	0	0	0	0	0	0	0	0	0	0	0	Fungi;Basidiomycota;Tremellomycetes;Cystofilobasidiales;Cystofilobasidiaceae;Cystofilobasidium;
ASV_kng_8et	0	0	0	0	0	0	0	0	0	0	0	Fungi;Basidiomycota;;;;;
ASV_kp5_pay	0	0	0	0	0	0	0	0	0	0	0	Fungi;Basidiomycota;;;;;
ASV_kqs_oqr	0	0	0	0	0	0	0	0	0	0	0	Fungi;Ascomycota;Saccharomycetes;Saccharomycetales;Debaryomycetaceae;Debaryomyces;
ASV_kqy_e69	0	0	0	0	0	0	0	0	0	0	0	Fungi;Ascomycota;Lecanoromycetes;Lecanorales;Cladoniaceae;Cladonia;
ASV_ksc_3p4	0	0	0	0	0	0	0	0	0	0	0	Fungi;Ascomycota;Dothideomycetes;Capnodiales;Cladosporiaceae;Cladosporium;
ASV_kwf_wxy	0	0	46	0	0	0	0	0	0	0	0	Fungi;Ascomycota;Saccharomycetes;Saccharomycetales;Trichomonascaceae;Wickerhamiella;
ASV_l16_6qp	0	0	0	0	0	0	0	0	0	0	0	Fungi;Ascomycota;Saccharomycetes;Saccharomycetales;Saccharomycodaceae;Hanseniaspora;
ASV_l3g_6g2	0	0	0	0	0	0	0	0	0	0	0	Fungi;Ascomycota;Saccharomycetes;Saccharomycetales;Phaffomycetaceae;Cyberlindnera;
ASV_l59_q3p	0	0	0	0	0	0	0	0	0	0	0	Fungi;Basidiomycota;Tremellomycetes;Filobasidiales;Filobasidiaceae;Filobasidium;
ASV_lcf_jxw	0	0	188	0	0	0	0	0	0	0	0	Fungi;Basidiomycota;;;;;
ASV_lcf_lnn	0	0	0	0	0	0	0	0	0	0	0	Fungi;Basidiomycota;;;;;
ASV_lds_ea1	0	0	0	0	0	0	0	0	0	0	0	Fungi;;;;;;
ASV_lg3_dp8	0	0	4096	0	0	0	0	0	0	0	0	Fungi;Ascomycota;Saccharomycetes;Saccharomycetales;Saccharomycetaceae;Kluyveromyces;
ASV_lgk_cvg	0	0	0	0	1441	0	0	0	0	0	0	Fungi;;;;;;
ASV_lh4_11r	0	0	0	0	0	0	0	0	0	0	0	Fungi;Ascomycota;Saccharomycetes;Saccharomycetales;Pichiaceae;Ogataea;
ASV_lj0_ulf	0	0	0	0	0	0	0	0	0	0	0	Fungi;;;;;;
ASV_lly_9wl	0	0	0	0	0	0	0	0	0	0	0	Fungi;Basidiomycota;Malasseziomycetes;Malasseziales;Malasseziaceae;Malassezia;
ASV_lnf_vgx	0	0	0	0	0	0	0	0	0	0	0	Fungi;Ascomycota;Leotiomycetes;Helotiales;Helotiaceae;Articulospora;
ASV_low_u10	0	0	0	0	0	0	0	16	0	0	0	Fungi;Basidiomycota;Cystobasidiomycetes;Erythrobasidiales;Erythrobasidiaceae;Bannoa;
ASV_lu7_t45	0	0	0	0	0	0	0	0	0	0	0	Fungi;Ascomycota;;;;;
ASV_m08_er2	0	0	0	0	0	0	0	0	0	0	0	Fungi;Ascomycota;Sordariomycetes;Hypocreales;Hypocreales_fam_Incertae_sedis;Sarocladium;
ASV_m2t_1id	0	0	0	0	0	0	0	0	0	0	0	Fungi;Basidiomycota;;;;;
ASV_m5s_z4a	0	0	0	0	0	0	0	0	0	0	0	Fungi;Ascomycota;Saccharomycetes;Saccharomycetales;Saccharomycetaceae;Torulaspora;
ASV_mas_w2c	0	0	0	0	0	0	0	0	0	0	0	Fungi;Basidiomycota;;;;;
ASV_mfd_pd9	0	0	400	0	0	0	0	0	0	0	0	Fungi;Ascomycota;Saccharomycetes;Saccharomycetales;Saccharomycetales_fam_Incertae_sedis;Candida;
ASV_mh9_9ik	0	0	0	0	0	0	0	0	0	0	0	Fungi;Ascomycota;;;;;
ASV_mha_5pi	0	0	0	0	0	0	0	0	0	0	0	Fungi;Basidiomycota;;;;;
ASV_mlc_lh6	0	0	0	0	0	0	0	0	0	0	0	Fungi;Basidiomycota;Agaricomycetes;Russulales;Russulaceae;Russula;
ASV_mm1_jm7	0	0	0	0	0	0	0	0	0	0	0	Fungi;;;;;;
ASV_mpv_z0c	0	0	0	0	0	0	0	0	0	0	0	Fungi;;;;;;
ASV_mvx_tox	0	0	91	0	0	0	0	0	0	0	0	Fungi;Ascomycota;Saccharomycetes;Saccharomycetales;Debaryomycetaceae;Debaryomyces;
ASV_mzi_lwl	0	0	0	0	0	0	0	0	0	0	0	Fungi;Ascomycota;Saccharomycetes;Saccharomycetales;Saccharomycetaceae;Kazachstania;
ASV_n3n_37h	0	0	0	0	0	0	0	0	0	0	0	Fungi;Ascomycota;;;;;
ASV_n4a_3jf	0	0	0	0	0	0	0	0	0	0	0	Fungi;Basidiomycota;Tremellomycetes;Tremellales;Bulleribasidiaceae;Vishniacozyma;
ASV_nbt_5p8	0	0	0	0	0	0	0	0	0	0	0	Fungi;Ascomycota;Sordariomycetes;Glomerellales;Plectosphaerellaceae;Lectera;
ASV_ncl_u88	0	0	0	0	0	0	0	0	0	0	0	Fungi;Ascomycota;Saccharomycetes;Saccharomycetales;Pichiaceae;Pichia;
ASV_ne2_4c0	0	0	0	0	2364	0	0	0	0	0	0	Fungi;;;;;;
ASV_nih_yvm	0	704	0	7416	0	0	0	0	0	0	0	Fungi;Ascomycota;;;;;
ASV_njs_yk8	0	0	0	0	0	0	0	1434	0	0	0	Fungi;Ascomycota;Saccharomycetes;Saccharomycetales;Saccharomycetales_fam_Incertae_sedis;Candida;
ASV_nl7_4nz	0	1528	0	16566	0	0	0	0	0	0	0	Fungi;Ascomycota;;;;;
ASV_nng_uob	0	0	0	0	0	0	0	0	0	0	0	Fungi;Basidiomycota;;;;;
ASV_nq7_wew	0	0	0	0	0	0	0	0	0	0	0	Fungi;Basidiomycota;Exobasidiomycetes;Tilletiales;Tilletiaceae;Tilletia;
ASV_nq8_ohl	0	0	0	0	0	0	0	0	0	0	0	Fungi;Ascomycota;Sordariomycetes;Microascales;Ceratocystidaceae;Ceratocystis;
ASV_nqi_euj	0	0	0	0	0	0	0	0	0	0	0	Fungi;Basidiomycota;Agaricomycetes;Polyporales;Steccherinaceae;Junghuhnia;
ASV_nrf_mki	0	0	0	0	0	0	0	0	0	0	68	Fungi;Basidiomycota;Cystobasidiomycetes;Erythrobasidiales;Erythrobasidiaceae;Bannoa;
ASV_nxf_e7d	0	0	0	0	0	0	0	0	0	0	0	Fungi;Ascomycota;;;;;
ASV_o78_d56	0	0	0	0	0	0	0	0	0	0	0	Fungi;Ascomycota;Eurotiomycetes;Eurotiales;;;
ASV_o7h_ujn	0	0	0	0	0	0	0	0	0	0	0	Fungi;Ascomycota;Lecanoromycetes;Lecanorales;Cladoniaceae;Cladonia;
ASV_o9h_l5n	0	0	0	0	0	0	0	0	0	0	0	Fungi;Ascomycota;;;;;
ASV_o9x_s4x	0	0	0	0	0	0	141	0	0	0	0	Fungi;Ascomycota;Saccharomycetes;Saccharomycetales;Phaffomycetaceae;Cyberlindnera;
ASV_oa8_2ck	0	0	0	0	0	0	0	256	0	0	0	Fungi;Ascomycota;Dothideomycetes;Capnodiales;Cladosporiaceae;Cladosporium;
ASV_obu_896	0	0	0	0	0	0	0	0	0	0	0	Fungi;Basidiomycota;;;;;
ASV_ojn_b30	0	0	0	0	0	0	0	0	0	0	0	Fungi;Basidiomycota;Agaricomycetes;Boletales;Suillaceae;Suillus;
ASV_ok7_2gq	0	0	0	0	0	0	0	0	0	0	0	Fungi;;;;;;
ASV_olp_3l3	0	0	0	0	0	0	0	0	0	0	0	Fungi;Ascomycota;Sordariomycetes;Xylariales;Sporocadaceae;Discosia;
ASV_ons_5br	0	0	0	0	0	0	0	0	0	0	0	Fungi;Ascomycota;Dothideomycetes;Dothideales;Aureobasidiaceae;;
ASV_owm_pyq	0	0	0	0	0	0	0	0	0	0	0	Fungi;Basidiomycota;Malasseziomycetes;Malasseziales;Malasseziaceae;Malassezia;
ASV_ox4_idt	0	0	0	0	0	0	0	0	0	0	0	Fungi;Basidiomycota;;;;;
ASV_ox5_302	0	0	0	0	0	0	0	0	0	0	0	Fungi;Basidiomycota;Agaricomycetes;Boletales;Boletaceae;Boletus;
ASV_ox8_kkf	0	0	0	0	0	0	0	0	0	0	0	Fungi;Ascomycota;Dothideomycetes;Pleosporales;Phaeosphaeriaceae;Didymocyrtis;
ASV_oxn_clv	0	0	0	0	0	0	0	0	0	0	0	Fungi;Ascomycota;Dothideomycetes;Pleosporales;Pleosporaceae;Alternaria;
ASV_ozo_2x2	0	0	0	0	0	0	0	0	0	0	0	Fungi;Basidiomycota;;;;;
ASV_p0d_gtz	0	0	0	0	0	0	0	0	0	0	0	Fungi;Ascomycota;Sordariomycetes;Hypocreales;Nectriaceae;Fusarium;
ASV_p12_v23	0	0	0	0	0	0	0	0	0	0	0	Fungi;Basidiomycota;;;;;
ASV_p3a_q7p	0	0	6398	0	0	0	0	0	0	0	0	Fungi;Basidiomycota;;;;;
ASV_p3b_mxq	0	0	0	0	0	0	0	0	0	0	0	Fungi;Ascomycota;Saccharomycetes;Saccharomycetales;Saccharomycetales_fam_Incertae_sedis;Candida;
ASV_p3w_7kn	0	0	0	0	0	0	0	0	0	0	0	Fungi;Ascomycota;;;;;
ASV_p8e_v33	0	0	0	0	0	0	0	0	0	0	0	Fungi;;;;;;
ASV_pb7_hla	206	0	0	0	0	0	0	0	0	0	0	Fungi;Basidiomycota;Microbotryomycetes;Sporidiobolales;Sporidiobolaceae;Rhodotorula;
ASV_pch_czg	0	0	0	0	0	0	0	0	0	0	0	Fungi;Ascomycota;Sordariomycetes;Glomerellales;Plectosphaerellaceae;Plectosphaerella;
ASV_pci_lxg	0	0	0	0	0	0	0	0	0	0	0	Fungi;Basidiomycota;Malasseziomycetes;Malasseziales;Malasseziaceae;Malassezia;
ASV_pd5_fz1	0	0	0	0	0	0	0	0	0	0	697	Fungi;Basidiomycota;Cystobasidiomycetes;Erythrobasidiales;Erythrobasidiaceae;Bannoa;
ASV_pgn_t9x	0	0	0	0	0	0	0	0	0	0	0	Fungi;Ascomycota;Eurotiomycetes;Eurotiales;Aspergillaceae;Aspergillus;
ASV_pha_k2p	0	0	0	0	0	0	0	0	0	0	0	Fungi;;;;;;
ASV_phn_3vp	0	0	0	0	0	0	0	0	0	0	0	Fungi;;;;;;
ASV_pl1_whw	0	0	0	0	0	0	0	0	0	0	0	Fungi;Ascomycota;Eurotiomycetes;Eurotiales;;;
ASV_plw_awi	0	0	0	0	0	0	0	0	0	0	0	Fungi;Basidiomycota;Tremellomycetes;Cystofilobasidiales;Cystofilobasidiaceae;Cystofilobasidium;
ASV_prp_wb5	0	0	0	0	0	0	0	0	0	0	0	Fungi;Ascomycota;Leotiomycetes;Helotiales;Sclerotiniaceae;;
ASV_ptl_usg	0	0	41	0	0	0	0	0	0	0	0	Fungi;Basidiomycota;;;;;
ASV_pv8_xta	0	0	0	0	0	0	0	0	0	0	0	Fungi;Ascomycota;Dothideomycetes;Capnodiales;Mycosphaerellaceae;Zasmidium;
ASV_pwb_dnp	0	0	24	0	0	0	0	0	0	0	0	Fungi;Basidiomycota;Malasseziomycetes;Malasseziales;Malasseziaceae;Malassezia;
ASV_pwg_gcu	0	0	0	0	0	0	0	0	0	0	0	Fungi;Ascomycota;Sordariomycetes;Hypocreales;Cordycipitaceae;Beauveria;
ASV_px8_nej	0	0	0	0	0	0	0	0	0	0	0	Fungi;Ascomycota;;;;;
ASV_pyn_saz	0	0	0	0	0	0	0	0	0	0	0	Fungi;Ascomycota;Eurotiomycetes;Eurotiales;Aspergillaceae;Penicillium;
ASV_pyu_302	0	0	0	0	0	0	0	0	0	0	0	Fungi;;;;;;
ASV_q0x_k9c	0	0	0	0	0	0	0	0	0	0	0	Fungi;Basidiomycota;;;;;
ASV_q5e_9r9	0	0	0	0	0	0	0	0	0	0	0	Fungi;;;;;;
ASV_q7q_srm	0	0	0	0	0	0	0	0	0	0	0	Fungi;Basidiomycota;;;;;
ASV_qey_eck	0	0	0	0	0	0	0	0	0	0	0	Fungi;Basidiomycota;Ustilaginomycetes;Ustilaginales;Ustilaginaceae;Anthracocystis;
ASV_qg0_2lv	0	0	0	0	0	0	0	0	0	0	0	Fungi;Basidiomycota;Tremellomycetes;Cystofilobasidiales;Cystofilobasidiaceae;Cystofilobasidium;
ASV_qnf_ado	0	0	0	0	0	0	0	0	0	0	0	Fungi;Basidiomycota;;;;;
ASV_qou_88y	0	0	1209	0	0	0	0	0	0	0	0	Fungi;Ascomycota;Saccharomycetes;Saccharomycetales;Saccharomycetales_fam_Incertae_sedis;Candida;
ASV_qqs_j5i	0	0	0	0	0	0	0	0	0	0	0	Fungi;Ascomycota;Saccharomycetes;Saccharomycetales;Saccharomycetales_fam_Incertae_sedis;Candida;
ASV_qup_b9n	0	0	0	0	0	0	0	0	0	0	0	Fungi;Ascomycota;Eurotiomycetes;Eurotiales;Aspergillaceae;Aspergillus;
ASV_qvf_z9a	0	0	0	0	0	0	0	0	0	0	0	Fungi;Basidiomycota;;;;;
ASV_qzr_77c	0	0	0	0	0	0	0	0	0	0	0	Fungi;Ascomycota;Sordariomycetes;Hypocreales;Clavicipitaceae;Claviceps;
ASV_r39_z7s	0	0	0	0	0	0	0	0	0	0	0	Fungi;Basidiomycota;Cystobasidiomycetes;Erythrobasidiales;Erythrobasidiaceae;Bannoa;
ASV_r3c_6rj	0	0	0	0	0	0	0	0	0	0	0	Fungi;;;;;;
ASV_r52_czj	0	0	0	0	0	0	0	0	0	0	0	Fungi;Basidiomycota;;;;;
ASV_r84_c0v	0	0	0	0	0	0	0	0	0	0	0	Fungi;Ascomycota;Dothideomycetes;Pleosporales;Massarinaceae;Helminthosporium;
ASV_r9e_2rg	0	0	0	0	0	0	0	0	0	0	0	Fungi;Basidiomycota;Microbotryomycetes;Sporidiobolales;Sporidiobolaceae;Sporobolomyces;
ASV_ra8_zdi	0	0	0	0	0	0	0	0	0	0	0	Fungi;Basidiomycota;Ustilaginomycetes;Ustilaginales;Ustilaginaceae;Moesziomyces;
ASV_rdm_35v	0	0	0	0	0	0	0	0	0	0	0	Fungi;;;;;;
ASV_ri3_0da	0	0	0	19	0	0	0	0	5837	0	0	Fungi;Basidiomycota;;;;;
ASV_rk4_hiz	0	0	0	0	0	0	0	0	0	0	0	Fungi;Ascomycota;;;;;
ASV_rn3_d9p	0	0	0	0	0	0	0	0	0	0	0	Fungi;Basidiomycota;;;;;
ASV_rse_vn9	0	0	0	0	0	0	0	0	0	0	0	Fungi;Basidiomycota;Malasseziomycetes;Malasseziales;Malasseziaceae;Malassezia;
ASV_rvu_yph	0	0	0	0	0	0	0	0	0	0	0	Fungi;Basidiomycota;Agaricomycetes;Russulales;Russulaceae;Russula;
ASV_s08_xfh	0	0	0	0	0	0	0	0	0	0	0	Fungi;Basidiomycota;;;;;
ASV_s41_nue	0	0	61	0	0	0	0	0	0	0	0	Fungi;Basidiomycota;;;;;
ASV_s4a_i8z	0	1145	18	14279	6	0	0	6	0	10905	1030	Fungi;Ascomycota;;;;;
ASV_s4g_dft	0	0	0	0	0	0	0	0	0	0	0	Fungi;;;;;;
ASV_s5o_3bw	0	0	0	0	0	0	0	0	0	0	0	Fungi;Ascomycota;;;;;
ASV_sch_4rm	0	0	0	0	0	0	0	0	0	0	0	Fungi;Ascomycota;;;;;
ASV_sey_as4	0	0	0	0	0	0	0	0	0	0	0	Fungi;Ascomycota;Lecanoromycetes;Lecanorales;;;
ASV_sf7_obr	0	0	0	0	0	0	0	0	0	0	0	Fungi;Basidiomycota;Agaricomycetes;Agaricales;Schizophyllaceae;Schizophyllum;
ASV_sfa_phc	0	0	0	0	0	0	0	0	0	0	0	Fungi;Basidiomycota;Cystobasidiomycetes;Erythrobasidiales;Erythrobasidiaceae;Bannoa;
ASV_sfp_5ic	0	0	0	0	0	0	0	0	0	0	0	Fungi;Basidiomycota;;;;;
ASV_sfz_g9u	0	37	0	0	0	0	0	0	0	0	0	Fungi;Ascomycota;;;;;
ASV_sh7_apg	0	0	0	0	0	0	0	0	1141	0	0	Fungi;Basidiomycota;Agaricomycetes;Agaricales;Psathyrellaceae;Coprinellus;
ASV_shf_xox	0	0	0	0	0	0	0	0	0	0	0	Fungi;Ascomycota;Dothideomycetes;Capnodiales;Mycosphaerellaceae;Mycosphaerella;
ASV_soa_1wg	0	0	0	0	0	0	0	0	0	0	0	Fungi;Ascomycota;Dothideomycetes;Dothideales;Dothideaceae;;
ASV_sp0_kbm	0	0	0	0	0	0	0	0	0	0	0	Fungi;Basidiomycota;Agaricomycetes;Polyporales;Ganodermataceae;Yuchengia;
ASV_ss5_aj8	0	0	0	353	0	0	0	0	0	0	0	Fungi;Basidiomycota;Malasseziomycetes;Malasseziales;Malasseziaceae;Malassezia;
ASV_ssb_e26	0	0	0	0	0	0	0	0	0	0	0	Fungi;Basidiomycota;;;;;
ASV_ssk_3hd	0	0	0	0	0	0	0	0	0	0	0	Fungi;Basidiomycota;Malasseziomycetes;Malasseziales;Malasseziaceae;Malassezia;
ASV_su1_8ys	0	0	0	0	0	0	0	0	0	0	0	Fungi;Basidiomycota;Malasseziomycetes;Malasseziales;Malasseziaceae;Malassezia;
ASV_su7_d7f	0	0	0	0	0	0	387	0	0	0	0	Fungi;Ascomycota;Saccharomycetes;Saccharomycetales;Debaryomycetaceae;Meyerozyma;
ASV_sx5_abz	0	0	0	0	0	0	0	0	0	0	0	Fungi;Basidiomycota;;;;;
ASV_t00_cr9	0	0	0	0	0	0	0	0	0	0	0	Fungi;Basidiomycota;;;;;
ASV_t0j_0e9	0	0	0	0	0	0	0	0	0	0	0	Fungi;Basidiomycota;;;;;
ASV_t0k_a6v	0	0	0	0	0	0	0	0	0	0	0	Fungi;Ascomycota;Eurotiomycetes;Eurotiales;Aspergillaceae;Penicillium;
ASV_t6c_hpi	0	0	0	0	0	0	0	0	0	0	0	Fungi;Ascomycota;Dothideomycetes;Dothideomycetes_ord_Incertae_sedis;Dothideomycetes_fam_Incertae_sedis;Peltaster;
ASV_t9g_1n8	0	0	0	0	0	0	0	0	0	0	0	Fungi;Basidiomycota;;;;;
ASV_tb6_hw4	0	0	0	8	0	0	0	924	1337	0	2521	Fungi;Basidiomycota;Cystobasidiomycetes;Erythrobasidiales;Erythrobasidiaceae;Bannoa;
ASV_tc0_z8g	0	0	0	0	0	0	0	0	0	0	0	Fungi;Basidiomycota;;;;;
ASV_tej_l7n	0	0	0	0	0	0	0	0	0	0	0	Fungi;Ascomycota;Eurotiomycetes;Chaetothyriales;Trichomeriaceae;Knufia;
ASV_ter_zzg	0	0	0	0	0	0	0	0	0	0	0	Fungi;Ascomycota;Dothideomycetes;Dothideales;Aureobasidiaceae;;
ASV_tgh_zlf	0	0	0	0	0	0	0	0	0	0	0	Fungi;Basidiomycota;Tremellomycetes;Filobasidiales;Filobasidiaceae;Naganishia;
ASV_tgo_5jm	0	0	0	0	0	0	0	0	0	0	0	Fungi;Basidiomycota;;;;;
ASV_tlw_5pr	0	0	0	0	0	0	0	0	0	0	0	Fungi;Basidiomycota;Agaricomycetes;Boletales;Boletaceae;Boletus;
ASV_tlz_87g	0	0	0	0	0	0	0	0	0	0	0	Fungi;Ascomycota;Eurotiomycetes;Eurotiales;Aspergillaceae;Penicillium;
ASV_top_vdn	0	0	0	0	0	0	0	0	0	0	0	Fungi;Ascomycota;;;;;
ASV_tqr_ns7	0	0	93	0	0	0	0	0	0	0	0	Fungi;;;;;;
ASV_tu6_lxc	0	0	0	0	0	0	0	0	0	0	0	Fungi;Ascomycota;Dothideomycetes;Pleosporales;Teichosporaceae;Teichospora;
ASV_tvb_imz	0	0	0	0	0	0	0	0	0	0	0	Fungi;Basidiomycota;;;;;
ASV_u6b_vm9	0	0	85	0	0	0	0	0	0	0	0	Fungi;Ascomycota;Saccharomycetes;Saccharomycetales;Trichomonascaceae;Wickerhamiella;
ASV_vbw_l6e	0	0	0	0	0	0	0	0	0	0	0	Fungi;Basidiomycota;Agaricomycetes;Agaricales;Cyphellaceae;Cyphellopsis;
ASV_wsf_eel	0	0	0	0	0	0	0	0	0	0	0	Fungi;Basidiomycota;Cystobasidiomycetes;Erythrobasidiales;Erythrobasidiaceae;Bannoa;
